timestamp,event_type,state,source,details2026-09-20T22:46:05.437012+00:00,EMERGENCY_REQUEST,EMERGENCY_PENDING,VEHICLE,Emergency request from VEH-001 at JNC-001
2026-09-20T22:46:39.732635+00:00,APPROVED,ACTIVE_CORRIDOR,OPERATOR,Emergency corridor approved.
2026-09-20T22:50:30.399563+00:00,EMERGENCY_REQUEST,EMERGENCY_PENDING,VEHICLE,Emergency request from VEH-001 at JNC-001
2026-09-20T22:50:37.885599+00:00,APPROVED,ACTIVE_CORRIDOR,OPERATOR,Emergency corridor approved.
2026-09-20T23:02:44.344757+00:00,RESETTING,RESETTING,OPERATOR,Intersection reset requested.
2026-09-20T23:02:44.351278+00:00,NORMAL,NORMAL,SYSTEM,Intersection restored to normal state.
2026-09-20T23:05:04.686733+00:00,EMERGENCY_REQUEST,EMERGENCY_PENDING,VEHICLE,Emergency request from VEH-001 at JNC-001
2026-09-20T23:05:56.754502+00:00,APPROVED,ACTIVE_CORRIDOR,OPERATOR,Emergency corridor approved.
2026-09-20T23:18:41.773229+00:00,RESETTING,RESETTING,OPERATOR,Intersection reset requested.
2026-09-20T23:18:41.774516+00:00,NORMAL,NORMAL,SYSTEM,Intersection restored to normal state.
2026-09-20T23:19:45.965598+00:00,EMERGENCY_REQUEST,EMERGENCY_PENDING,VEHICLE,Emergency request from VEH-001 at JNC-001
2026-09-20T23:19:53.756432+00:00,RESETTING,RESETTING,OPERATOR,Intersection reset requested.
2026-09-20T23:19:53.757824+00:00,NORMAL,NORMAL,SYSTEM,Intersection restored to normal state.
2026-09-20T23:20:17.339871+00:00,EMERGENCY_REQUEST,EMERGENCY_PENDING,VEHICLE,Emergency request from VEH-001 at JNC-001
2026-09-20T23:20:20.254793+00:00,RESETTING,RESETTING,OPERATOR,Intersection reset requested.
2026-09-20T23:20:20.255481+00:00,NORMAL,NORMAL,SYSTEM,Intersection restored to normal state.
2026-09-20T23:23:32.720192+00:00,EMERGENCY_REQUEST,EMERGENCY_PENDING,VEHICLE,Emergency request from VEH-001 at JNC-001
2026-09-20T23:23:50.779631+00:00,APPROVED,ACTIVE_CORRIDOR,OPERATOR,Emergency corridor approved.
2026-09-20T23:24:51.730855+00:00,RESETTING,RESETTING,OPERATOR,Intersection reset requested.
2026-09-20T23:24:51.731750+00:00,NORMAL,NORMAL,SYSTEM,Intersection restored to normal state.
2026-09-21T00:05:23.122130+00:00,EMERGENCY_REQUEST,EMERGENCY_PENDING,VEHICLE,Emergency request from VEH-001 at JNC-001
2026-09-21T00:05:28.514288+00:00,APPROVED,CORRIDOR_PENDING,OPERATOR,Green corridor approved by operator.
2026-09-21T00:05:34.010099+00:00,CORRIDOR_ACTIVE,ACTIVE_CORRIDOR,JUNCTION,Green corridor is active.
2026-09-21T00:05:49.483560+00:00,RESET_REQUEST,RESETTING,SYSTEM,Return to normal requested.
2026-09-21T00:05:54.657577+00:00,CORRIDOR_CLEARED,NORMAL,JUNCTION,Intersection returned to normal.
2026-09-21T00:06:00.908630+00:00,EMERGENCY_REQUEST,EMERGENCY_PENDING,VEHICLE,Emergency request from VEH-001 at JNC-001
2026-09-21T00:06:04.173945+00:00,REJECTED,RESETTING,OPERATOR,Emergency request rejected.
2026-09-21T00:53:17.374144+00:00,EMERGENCY_REQUEST,EMERGENCY_PENDING,VEHICLE,Emergency request from VEH-001 at JNC-001
2026-09-21T00:53:40.463062+00:00,APPROVED,CORRIDOR_PENDING,OPERATOR,Green corridor approved by operator.
2026-09-21T00:53:45.788774+00:00,CORRIDOR_ACTIVE,ACTIVE_CORRIDOR,JUNCTION,Green corridor is active.
2026-09-21T00:55:19.289474+00:00,RESET_REQUEST,RESETTING,SYSTEM,Return to normal requested.
2026-09-21T00:55:19.815890+00:00,RESET_REQUEST,RESETTING,SYSTEM,Return to normal requested.
2026-09-21T00:55:24.856455+00:00,CORRIDOR_CLEARED,NORMAL,JUNCTION,Intersection returned to normal.
2026-09-21T00:56:33.229105+00:00,EMERGENCY_REQUEST,EMERGENCY_PENDING,VEHICLE,Emergency request from VEH-001 at JNC-001
2026-09-21T00:56:38.211974+00:00,APPROVED,CORRIDOR_PENDING,OPERATOR,Green corridor approved by operator.
2026-09-21T00:56:43.646728+00:00,CORRIDOR_ACTIVE,ACTIVE_CORRIDOR,JUNCTION,Green corridor is active.
2026-09-21T00:57:00.840686+00:00,RESET_REQUEST,RESETTING,SYSTEM,Return to normal requested.
2026-09-21T00:57:06.440893+00:00,CORRIDOR_CLEARED,NORMAL,JUNCTION,Intersection returned to normal.
2026-09-21T03:52:03.594342+00:00,EMERGENCY_REQUEST,EMERGENCY_PENDING,VEHICLE,Emergency request from VEH-001 at JNC-001
2026-09-21T03:52:10.810147+00:00,RESET_REQUEST,RESETTING,SYSTEM,Return to normal requested.
2026-09-21T03:57:24.476049+00:00,RESET_REQUEST,RESETTING,SYSTEM,Return to normal requested.
2026-09-21T03:57:25.175086+00:00,RESET_REQUEST,RESETTING,SYSTEM,Return to normal requested.
2026-09-21T03:57:25.617180+00:00,RESET_REQUEST,RESETTING,SYSTEM,Return to normal requested.
2026-09-21T03:57:25.994203+00:00,RESET_REQUEST,RESETTING,SYSTEM,Return to normal requested.
2026-09-21T03:57:26.220437+00:00,RESET_REQUEST,RESETTING,SYSTEM,Return to normal requested.
2026-09-21T03:57:26.495249+00:00,RESET_REQUEST,RESETTING,SYSTEM,Return to normal requested.
2026-09-21T03:57:26.759816+00:00,RESET_REQUEST,RESETTING,SYSTEM,Return to normal requested.
2026-09-21T03:57:26.944881+00:00,RESET_REQUEST,RESETTING,SYSTEM,Return to normal requested.
2026-09-21T03:57:27.740397+00:00,RESET_REQUEST,RESETTING,SYSTEM,Return to normal requested.
2026-09-21T03:57:27.907084+00:00,RESET_REQUEST,RESETTING,SYSTEM,Return to normal requested.
2026-09-21T03:57:28.095406+00:00,RESET_REQUEST,RESETTING,SYSTEM,Return to normal requested.
2026-09-21T03:57:28.245408+00:00,RESET_REQUEST,RESETTING,SYSTEM,Return to normal requested.
2026-09-21T03:57:28.471928+00:00,RESET_REQUEST,RESETTING,SYSTEM,Return to normal requested.
2026-09-21T04:14:15.803717+00:00,EMERGENCY_REQUEST,EMERGENCY_PENDING,VEHICLE,Emergency request from VEH-001 at JNC-001
2026-09-21T04:14:22.177812+00:00,APPROVED,CORRIDOR_PENDING,OPERATOR,Green corridor approved by operator.
2026-09-21T04:14:27.387852+00:00,CORRIDOR_ACTIVE,ACTIVE_CORRIDOR,JUNCTION,Green corridor is active.
2026-09-21T04:14:42.391612+00:00,RESET_REQUEST,RESETTING,SYSTEM,Return to normal requested.
2026-09-21T04:14:47.814585+00:00,CORRIDOR_CLEARED,NORMAL,JUNCTION,Intersection returned to normal.
2026-09-21T04:16:49.700060+00:00,EMERGENCY_REQUEST,EMERGENCY_PENDING,VEHICLE,Emergency request from VEH-001 at JNC-001
2026-09-21T04:16:54.911861+00:00,APPROVED,CORRIDOR_PENDING,OPERATOR,Green corridor approved by operator.
2026-09-21T04:17:00.257758+00:00,CORRIDOR_ACTIVE,ACTIVE_CORRIDOR,JUNCTION,Green corridor is active.
2026-09-21T04:17:21.357007+00:00,RESET_REQUEST,RESETTING,SYSTEM,Return to normal requested.
2026-09-21T04:17:26.949247+00:00,CORRIDOR_CLEARED,NORMAL,JUNCTION,Intersection returned to normal.
2026-09-21T04:19:11.686863+00:00,EMERGENCY_REQUEST,EMERGENCY_PENDING,VEHICLE,Emergency request from VEH-001 at JNC-001
2026-09-21T04:19:14.974535+00:00,REJECTED,RESETTING,OPERATOR,Emergency request rejected.
2026-09-21T04:22:12.128313+00:00,RESET_REQUEST,RESETTING,SYSTEM,Return to normal requested.
2026-09-21T04:22:13.229299+00:00,RESET_REQUEST,RESETTING,SYSTEM,Return to normal requested.
2026-09-21T04:22:13.453443+00:00,RESET_REQUEST,RESETTING,SYSTEM,Return to normal requested.
2026-09-21T04:22:15.158668+00:00,RESET_REQUEST,RESETTING,SYSTEM,Return to normal requested.
2026-09-21T04:22:15.376282+00:00,RESET_REQUEST,RESETTING,SYSTEM,Return to normal requested.
2026-09-21T04:22:16.458259+00:00,RESET_REQUEST,RESETTING,SYSTEM,Return to normal requested.
2026-09-21T04:22:17.791498+00:00,RESET_REQUEST,RESETTING,SYSTEM,Return to normal requested.
2026-09-21T04:22:18.728148+00:00,RESET_REQUEST,RESETTING,SYSTEM,Return to normal requested.
2026-09-21T04:22:18.953481+00:00,RESET_REQUEST,RESETTING,SYSTEM,Return to normal requested.
2026-09-21T04:22:44.607422+00:00,RESET_REQUEST,RESETTING,SYSTEM,Return to normal requested.
2026-09-21T04:22:44.836148+00:00,RESET_REQUEST,RESETTING,SYSTEM,Return to normal requested.
2026-09-21T04:22:45.938533+00:00,RESET_REQUEST,RESETTING,SYSTEM,Return to normal requested.
2026-09-21T04:22:46.161357+00:00,RESET_REQUEST,RESETTING,SYSTEM,Return to normal requested.
2026-09-21T04:23:18.933094+00:00,RESET_REQUEST,RESETTING,SYSTEM,Return to normal requested.
2026-09-21T04:23:19.815760+00:00,RESET_REQUEST,RESETTING,SYSTEM,Return to normal requested.
2026-09-21T04:23:20.008792+00:00,RESET_REQUEST,RESETTING,SYSTEM,Return to normal requested.
2026-09-21T04:23:35.839262+00:00,RESET_REQUEST,RESETTING,SYSTEM,Return to normal requested.
2026-09-21T04:23:36.358393+00:00,RESET_REQUEST,RESETTING,SYSTEM,Return to normal requested.
2026-09-21T04:23:36.585560+00:00,RESET_REQUEST,RESETTING,SYSTEM,Return to normal requested.
2026-09-21T04:23:39.725775+00:00,RESET_REQUEST,RESETTING,SYSTEM,Return to normal requested.
2026-09-21T04:23:40.353424+00:00,RESET_REQUEST,RESETTING,SYSTEM,Return to normal requested.
2026-09-21T04:24:05.258777+00:00,RESET_REQUEST,RESETTING,SYSTEM,Return to normal requested.
2026-09-21T04:24:57.539484+00:00,RESET_REQUEST,RESETTING,SYSTEM,Return to normal requested.
2026-09-21T04:45:04.466911+00:00,EMERGENCY_REQUEST,EMERGENCY_PENDING,VEHICLE,Emergency request from VEH-001 at JNC-001
2026-09-21T04:45:07.348972+00:00,APPROVED,CORRIDOR_PENDING,OPERATOR,Green corridor approved by operator.
2026-09-21T04:45:13.101291+00:00,CORRIDOR_ACTIVE,ACTIVE_CORRIDOR,JUNCTION,Green corridor is active.
2026-09-21T04:45:28.846837+00:00,RESET_REQUEST,RESETTING,SYSTEM,Return to normal requested.
2026-09-21T04:45:34.528849+00:00,CORRIDOR_CLEARED,NORMAL,JUNCTION,Intersection returned to normal.
2026-09-21T04:45:50.608946+00:00,EMERGENCY_REQUEST,EMERGENCY_PENDING,VEHICLE,Emergency request from VEH-001 at JNC-001
2026-09-21T04:45:56.768363+00:00,APPROVED,CORRIDOR_PENDING,OPERATOR,Green corridor approved by operator.
2026-09-21T04:46:02.075708+00:00,CORRIDOR_ACTIVE,ACTIVE_CORRIDOR,JUNCTION,Green corridor is active.
2026-09-21T04:46:13.469545+00:00,RESET_REQUEST,RESETTING,SYSTEM,Return to normal requested.
2026-09-21T04:46:13.990748+00:00,RESET_REQUEST,RESETTING,SYSTEM,Return to normal requested.
2026-09-21T04:46:19.105378+00:00,CORRIDOR_CLEARED,NORMAL,JUNCTION,Intersection returned to normal.
2026-09-21T04:50:00.836891+00:00,EMERGENCY_REQUEST,EMERGENCY_PENDING,VEHICLE,Emergency request from VEH-001 at JNC-001
2026-09-21T04:50:05.656496+00:00,APPROVED,CORRIDOR_PENDING,OPERATOR,Green corridor approved by operator.
2026-09-21T04:50:11.284777+00:00,CORRIDOR_ACTIVE,ACTIVE_CORRIDOR,JUNCTION,Green corridor is active.
2026-09-21T04:50:23.638480+00:00,RESET_REQUEST,RESETTING,SYSTEM,Return to normal requested.
2026-09-21T04:50:28.805815+00:00,CORRIDOR_CLEARED,NORMAL,JUNCTION,Intersection returned to normal.
2026-09-21T04:52:05.503339+00:00,EMERGENCY_REQUEST,EMERGENCY_PENDING,VEHICLE,Emergency request from VEH-001 at JNC-001
2026-09-21T04:52:09.325580+00:00,APPROVED,CORRIDOR_PENDING,OPERATOR,Green corridor approved by operator.
2026-09-21T04:52:14.940122+00:00,CORRIDOR_ACTIVE,ACTIVE_CORRIDOR,JUNCTION,Green corridor is active.
2026-09-21T04:52:25.260668+00:00,RESET_REQUEST,RESETTING,SYSTEM,Return to normal requested.
2026-09-21T04:52:31.176886+00:00,CORRIDOR_CLEARED,NORMAL,JUNCTION,Intersection returned to normal.
2026-09-21T04:54:36.059192+00:00,EMERGENCY_REQUEST,EMERGENCY_PENDING,VEHICLE,Emergency request from VEH-001 at JNC-001
2026-09-21T04:54:39.487321+00:00,APPROVED,CORRIDOR_PENDING,OPERATOR,Green corridor approved by operator.
2026-09-21T04:54:44.838977+00:00,CORRIDOR_ACTIVE,ACTIVE_CORRIDOR,JUNCTION,Green corridor is active.
2026-09-21T04:54:50.400818+00:00,RESET_REQUEST,RESETTING,SYSTEM,Return to normal requested.
2026-09-21T04:54:56.184885+00:00,CORRIDOR_CLEARED,NORMAL,JUNCTION,Intersection returned to normal.
2026-09-21T04:56:12.873390+00:00,EMERGENCY_REQUEST,EMERGENCY_PENDING,VEHICLE,Emergency request from VEH-001 at JNC-001
2026-09-21T04:56:14.895136+00:00,APPROVED,CORRIDOR_PENDING,OPERATOR,Green corridor approved by operator.
2026-09-21T04:56:20.302679+00:00,CORRIDOR_ACTIVE,ACTIVE_CORRIDOR,JUNCTION,Green corridor is active.
2026-09-21T04:56:23.651950+00:00,RESET_REQUEST,RESETTING,SYSTEM,Return to normal requested.
2026-09-21T04:56:29.269205+00:00,CORRIDOR_CLEARED,NORMAL,JUNCTION,Intersection returned to normal.
2026-09-21T04:58:35.459547+00:00,EMERGENCY_REQUEST,EMERGENCY_PENDING,VEHICLE,Emergency request from VEH-001 at JNC-001
2026-09-21T04:58:42.714493+00:00,APPROVED,CORRIDOR_PENDING,OPERATOR,Green corridor approved by operator.
2026-09-21T04:58:48.259344+00:00,CORRIDOR_ACTIVE,ACTIVE_CORRIDOR,JUNCTION,Green corridor is active.
2026-09-21T04:58:55.178339+00:00,RESET_REQUEST,RESETTING,SYSTEM,Return to normal requested.
2026-09-21T04:59:00.730694+00:00,CORRIDOR_CLEARED,NORMAL,JUNCTION,Intersection returned to normal.
2026-09-21T05:05:08.961265+00:00,EMERGENCY_REQUEST,EMERGENCY_PENDING,VEHICLE,Emergency request from VEH-001 at JNC-001
2026-09-21T05:05:29.891283+00:00,APPROVED,CORRIDOR_PENDING,OPERATOR,Green corridor approved by operator.
2026-09-21T05:05:52.988793+00:00,REJECTED,RESETTING,OPERATOR,Emergency request rejected.
2026-09-21T05:05:58.398273+00:00,CORRIDOR_CLEARED,NORMAL,JUNCTION,Intersection returned to normal.
2026-09-21T05:06:05.336515+00:00,EMERGENCY_REQUEST,EMERGENCY_PENDING,VEHICLE,Emergency request from VEH-001 at JNC-001
2026-09-21T05:06:09.451649+00:00,REJECTED,RESETTING,OPERATOR,Emergency request rejected.
2026-09-21T05:06:26.935116+00:00,RESET_REQUEST,RESETTING,SYSTEM,Return to normal requested.
2026-09-21T05:07:39.194725+00:00,EMERGENCY_REQUEST,EMERGENCY_PENDING,VEHICLE,Emergency request from VEH-001 at JNC-001
2026-09-21T05:07:45.506814+00:00,APPROVED,CORRIDOR_PENDING,OPERATOR,Green corridor approved by operator.
2026-09-21T05:08:02.904490+00:00,REJECTED,RESETTING,OPERATOR,Emergency request rejected.
2026-09-21T05:08:08.563476+00:00,CORRIDOR_CLEARED,NORMAL,JUNCTION,Intersection returned to normal.
2026-09-21T05:09:21.322951+00:00,EMERGENCY_REQUEST,EMERGENCY_PENDING,VEHICLE,Emergency request from VEH-001 at JNC-001
2026-09-21T05:09:25.423761+00:00,APPROVED,CORRIDOR_PENDING,OPERATOR,Green corridor approved by operator.
2026-09-21T05:09:42.095148+00:00,RESET_REQUEST,RESETTING,SYSTEM,Return to normal requested.
2026-09-21T05:10:15.443251+00:00,RESET_REQUEST,RESETTING,SYSTEM,Return to normal requested.
2026-09-21T05:10:16.009513+00:00,RESET_REQUEST,RESETTING,SYSTEM,Return to normal requested.
2026-09-21T05:10:16.240927+00:00,RESET_REQUEST,RESETTING,SYSTEM,Return to normal requested.
2026-09-21T05:11:43.432859+00:00,EMERGENCY_REQUEST,EMERGENCY_PENDING,VEHICLE,Emergency request from VEH-001 at JNC-001
2026-09-21T05:11:45.934233+00:00,APPROVED,CORRIDOR_PENDING,OPERATOR,Green corridor approved by operator.
2026-09-21T05:11:51.552871+00:00,CORRIDOR_ACTIVE,ACTIVE_CORRIDOR,JUNCTION,Green corridor is active.
2026-09-21T05:12:01.124378+00:00,RESET_REQUEST,RESETTING,SYSTEM,Return to normal requested.
2026-09-21T05:20:28.290475+00:00,EMERGENCY_REQUEST,EMERGENCY_PENDING,VEHICLE,Emergency request from VEH-001 at JNC-001
2026-09-21T05:20:30.643022+00:00,APPROVED,CORRIDOR_PENDING,OPERATOR,Green corridor approved by operator.
2026-09-21T05:20:36.852636+00:00,CORRIDOR_ACTIVE,ACTIVE_CORRIDOR,JUNCTION,Green corridor is active.
2026-09-21T05:20:49.206166+00:00,RESET_REQUEST,RESETTING,SYSTEM,Return to normal requested.
2026-09-21T05:20:54.859679+00:00,CORRIDOR_CLEARED,NORMAL,JUNCTION,Intersection returned to normal.
2026-09-21T05:21:20.491999+00:00,EMERGENCY_REQUEST,EMERGENCY_PENDING,VEHICLE,Emergency request from VEH-001 at JNC-001
2026-09-21T05:21:24.978446+00:00,REJECTED,RESETTING,OPERATOR,Emergency request rejected.
2026-09-21T11:04:03+05:30,EMERGENCY_REQUEST,EMERGENCY_PENDING,VEH-001,Emergency request received for junction JNC-001.
2026-09-21T11:04:08+05:30,APPROVED,CORRIDOR_PENDING,CONTROL_ROOM,Green corridor approved.
2026-09-21T11:04:13+05:30,CORRIDOR_ACTIVE,ACTIVE_CORRIDOR,JUNCTION,Green corridor active.
2026-09-21T11:04:26+05:30,RESET_REQUEST,RESETTING,CONTROL_ROOM,Reset requested.
2026-09-21T11:04:27+05:30,RESET_CONFIRMED_BY_LIGHT,NORMAL,JUNCTION,Normal traffic-light sync resumed after reset.
2026-09-21T11:04:27+05:30,CORRIDOR_CLEARED,NORMAL,JUNCTION,Junction confirmed corridor cleared.
2026-09-21T11:04:32+05:30,CORRIDOR_CLEARED,NORMAL,JUNCTION,Junction confirmed corridor cleared.
2026-09-21T11:04:44+05:30,EMERGENCY_REQUEST,EMERGENCY_PENDING,VEH-001,Emergency request received for junction JNC-001.
2026-09-21T11:04:46+05:30,REJECTED,NORMAL,CONTROL_ROOM,Emergency rejected before corridor activation.
2026-09-21T11:04:57+05:30,EMERGENCY_REQUEST,EMERGENCY_PENDING,VEH-001,Emergency request received for junction JNC-001.
2026-09-21T11:05:01+05:30,REJECTED,NORMAL,CONTROL_ROOM,Emergency rejected before corridor activation.
2026-09-21T11:05:17+05:30,EMERGENCY_REQUEST,EMERGENCY_PENDING,VEH-001,Emergency request received for junction JNC-001.
2026-09-21T11:05:20+05:30,REJECTED,NORMAL,CONTROL_ROOM,Emergency rejected before corridor activation.
2026-09-21T11:05:29+05:30,EMERGENCY_REQUEST,EMERGENCY_PENDING,VEH-001,Emergency request received for junction JNC-001.
2026-09-21T11:05:32+05:30,APPROVED,CORRIDOR_PENDING,CONTROL_ROOM,Green corridor approved.
2026-09-21T11:05:37+05:30,CORRIDOR_ACTIVE,ACTIVE_CORRIDOR,JUNCTION,Green corridor active.
2026-09-21T11:05:49+05:30,RESET_REQUEST,RESETTING,CONTROL_ROOM,Reset requested.
2026-09-21T11:05:50+05:30,RESET_CONFIRMED_BY_LIGHT,NORMAL,JUNCTION,Normal traffic-light sync resumed after reset.
2026-09-21T11:05:50+05:30,CORRIDOR_CLEARED,NORMAL,JUNCTION,Junction confirmed corridor cleared.
2026-09-21T11:05:55+05:30,CORRIDOR_CLEARED,NORMAL,JUNCTION,Junction confirmed corridor cleared.
2026-09-21T11:06:02+05:30,EMERGENCY_REQUEST,EMERGENCY_PENDING,VEH-001,Emergency request received for junction JNC-001.
2026-09-21T11:06:05+05:30,REJECTED,NORMAL,CONTROL_ROOM,Emergency rejected before corridor activation.
2026-09-21T11:06:30+05:30,EMERGENCY_REQUEST,EMERGENCY_PENDING,VEH-001,Emergency request received for junction JNC-001.
2026-09-21T11:06:34+05:30,APPROVED,CORRIDOR_PENDING,CONTROL_ROOM,Green corridor approved.
2026-09-21T11:06:39+05:30,CORRIDOR_ACTIVE,ACTIVE_CORRIDOR,JUNCTION,Green corridor active.
2026-09-21T11:06:59+05:30,RESET_REQUEST,RESETTING,CONTROL_ROOM,Reset requested.
2026-09-21T11:06:59+05:30,RESET_CONFIRMED_BY_LIGHT,NORMAL,JUNCTION,Normal traffic-light sync resumed after reset.
2026-09-21T11:07:00+05:30,CORRIDOR_CLEARED,NORMAL,JUNCTION,Junction confirmed corridor cleared.
2026-09-21T11:07:05+05:30,CORRIDOR_CLEARED,NORMAL,JUNCTION,Junction confirmed corridor cleared.
2026-09-21T11:17:35+05:30,EMERGENCY_REQUEST,EMERGENCY_PENDING,VEH-001,Emergency request received for junction JNC-001.
2026-09-21T11:17:40+05:30,APPROVED,CORRIDOR_PENDING,CONTROL_ROOM,Green corridor approved.
2026-09-21T11:17:46+05:30,CORRIDOR_ACTIVE,ACTIVE_CORRIDOR,JUNCTION,Green corridor active.
2026-09-21T11:18:04+05:30,RESET_REQUEST,RESETTING,CONTROL_ROOM,Reset requested.
2026-09-21T11:18:04+05:30,RESET_CONFIRMED_BY_LIGHT,NORMAL,JUNCTION,Normal traffic-light sync resumed after reset.
2026-09-21T11:18:04+05:30,CORRIDOR_CLEARED,NORMAL,JUNCTION,Junction confirmed corridor cleared.
2026-09-21T11:18:09+05:30,CORRIDOR_CLEARED,NORMAL,JUNCTION,Junction confirmed corridor cleared.
2026-09-21T11:24:33+05:30,EMERGENCY_REQUEST,EMERGENCY_PENDING,VEH-001,Emergency request received for junction JNC-001.
2026-09-21T11:24:34+05:30,REJECTED,NORMAL,CONTROL_ROOM,Emergency rejected before corridor activation.
2026-09-21T11:49:32+05:30,EMERGENCY_REQUEST,EMERGENCY_PENDING,VEH-001,Emergency request received for junction JNC-001.
2026-09-21T11:49:48+05:30,REJECTED,NORMAL,CONTROL_ROOM,Emergency rejected before corridor activation.
2026-09-21T12:06:09+05:30,EMERGENCY_REQUEST,EMERGENCY_PENDING,VEH-001,Emergency request received for junction JNC-001.
2026-09-21T12:06:17+05:30,REJECTED,NORMAL,CONTROL_ROOM,Emergency rejected before corridor activation.
2026-09-21T12:07:25+05:30,EMERGENCY_REQUEST,EMERGENCY_PENDING,VEH-001,Emergency request received for junction JNC-001.
2026-09-21T12:08:26+05:30,REJECTED,NORMAL,CONTROL_ROOM,Emergency rejected before corridor activation.
2026-09-21T12:08:29+05:30,EMERGENCY_REQUEST,EMERGENCY_PENDING,VEH-001,Emergency request received for junction JNC-001.
2026-09-21T12:08:31+05:30,APPROVED,CORRIDOR_PENDING,CONTROL_ROOM,Green corridor approved.
2026-09-21T12:08:37+05:30,CORRIDOR_ACTIVE,ACTIVE_CORRIDOR,JUNCTION,Green corridor active.
2026-09-21T12:08:46+05:30,RESET_REQUEST,RESETTING,CONTROL_ROOM,Reset requested.
2026-09-21T12:08:47+05:30,RESET_CONFIRMED_BY_LIGHT,NORMAL,JUNCTION,Normal traffic-light sync resumed after reset.
2026-09-21T12:08:47+05:30,CORRIDOR_CLEARED,NORMAL,JUNCTION,Junction confirmed corridor cleared.
2026-09-21T12:08:52+05:30,CORRIDOR_CLEARED,NORMAL,JUNCTION,Junction confirmed corridor cleared.
2026-09-21T12:09:31+05:30,EMERGENCY_REQUEST,EMERGENCY_PENDING,VEH-001,Emergency request received for junction JNC-001.
2026-09-21T12:09:34+05:30,APPROVED,CORRIDOR_PENDING,CONTROL_ROOM,Green corridor approved.
2026-09-21T12:09:40+05:30,CORRIDOR_ACTIVE,ACTIVE_CORRIDOR,JUNCTION,Green corridor active.
2026-09-21T12:09:54+05:30,RESET_REQUEST,RESETTING,CONTROL_ROOM,Reset requested.
2026-09-21T12:09:54+05:30,RESET_CONFIRMED_BY_LIGHT,NORMAL,JUNCTION,Normal traffic-light sync resumed after reset.
2026-09-21T12:09:55+05:30,CORRIDOR_CLEARED,NORMAL,JUNCTION,Junction confirmed corridor cleared.
2026-09-21T12:09:59+05:30,CORRIDOR_CLEARED,NORMAL,JUNCTION,Junction confirmed corridor cleared.
2026-09-21T13:00:12+05:30,EMERGENCY_REQUEST,EMERGENCY_PENDING,VEH-001,Emergency request received for junction JNC-001.
2026-09-21T13:00:20+05:30,APPROVED,CORRIDOR_PENDING,CONTROL_ROOM,Green corridor approved.
2026-09-21T13:00:25+05:30,CORRIDOR_ACTIVE,ACTIVE_CORRIDOR,JUNCTION,Green corridor active.
2026-09-21T13:00:41+05:30,RESET_REQUEST,RESETTING,CONTROL_ROOM,Reset requested.
2026-09-21T13:00:41+05:30,RESET_CONFIRMED_BY_LIGHT,NORMAL,JUNCTION,Normal traffic-light sync resumed after reset.
2026-09-21T13:00:41+05:30,CORRIDOR_CLEARED,NORMAL,JUNCTION,Junction confirmed corridor cleared.
2026-09-21T13:00:46+05:30,CORRIDOR_CLEARED,NORMAL,JUNCTION,Junction confirmed corridor cleared.
2026-09-21T13:01:43+05:30,EMERGENCY_REQUEST,EMERGENCY_PENDING,VEH-001,Emergency request received for junction JNC-001.
2026-09-21T13:01:46+05:30,REJECTED,NORMAL,CONTROL_ROOM,Emergency rejected before corridor activation.
2026-09-21T13:02:12+05:30,EMERGENCY_REQUEST,EMERGENCY_PENDING,VEH-001,Emergency request received for junction JNC-001.
2026-09-21T13:02:15+05:30,APPROVED,CORRIDOR_PENDING,CONTROL_ROOM,Green corridor approved.
2026-09-21T13:02:20+05:30,CORRIDOR_ACTIVE,ACTIVE_CORRIDOR,JUNCTION,Green corridor active.
2026-09-21T13:02:26+05:30,RESET_REQUEST,RESETTING,CONTROL_ROOM,Reset requested.
2026-09-21T13:02:27+05:30,RESET_CONFIRMED_BY_LIGHT,NORMAL,JUNCTION,Normal traffic-light sync resumed after reset.
2026-09-21T13:02:27+05:30,CORRIDOR_CLEARED,NORMAL,JUNCTION,Junction confirmed corridor cleared.
2026-09-21T13:02:32+05:30,CORRIDOR_CLEARED,NORMAL,JUNCTION,Junction confirmed corridor cleared.
2026-09-21T13:05:48+05:30,EMERGENCY_REQUEST,EMERGENCY_PENDING,VEH-001,Emergency request received for junction JNC-001.
2026-09-21T13:05:51+05:30,APPROVED,CORRIDOR_PENDING,CONTROL_ROOM,Green corridor approved.
2026-09-21T13:05:57+05:30,CORRIDOR_ACTIVE,ACTIVE_CORRIDOR,JUNCTION,Green corridor active.
2026-09-21T13:06:09+05:30,RESET_REQUEST,RESETTING,CONTROL_ROOM,Reset requested.
2026-09-21T13:06:09+05:30,RESET_CONFIRMED_BY_LIGHT,NORMAL,JUNCTION,Normal traffic-light sync resumed after reset.
2026-09-21T13:06:09+05:30,CORRIDOR_CLEARED,NORMAL,JUNCTION,Junction confirmed corridor cleared.
2026-09-21T13:06:14+05:30,CORRIDOR_CLEARED,NORMAL,JUNCTION,Junction confirmed corridor cleared.
2026-09-21T13:06:14+05:30,EMERGENCY_REQUEST,EMERGENCY_PENDING,VEH-001,Emergency request received for junction JNC-001.
2026-09-21T13:06:20+05:30,APPROVED,CORRIDOR_PENDING,CONTROL_ROOM,Green corridor approved.
2026-09-21T13:06:26+05:30,CORRIDOR_ACTIVE,ACTIVE_CORRIDOR,JUNCTION,Green corridor active.
2026-09-21T13:11:07+05:30,RESET_REQUEST,RESETTING,CONTROL_ROOM,Reset requested.
2026-09-21T13:11:08+05:30,RESET_CONFIRMED_BY_LIGHT,NORMAL,JUNCTION,Normal traffic-light sync resumed after reset.
2026-09-21T13:11:09+05:30,CORRIDOR_CLEARED,NORMAL,JUNCTION,Junction confirmed corridor cleared.
2026-09-21T13:11:12+05:30,EMERGENCY_REQUEST,EMERGENCY_PENDING,VEH-001,Emergency request received for junction JNC-001.
2026-09-21T13:11:13+05:30,CORRIDOR_CLEARED,NORMAL,JUNCTION,Junction confirmed corridor cleared.
2026-09-21T13:11:25+05:30,EMERGENCY_REQUEST,EMERGENCY_PENDING,VEH-001,Emergency request received for junction JNC-001.
2026-09-21T13:11:28+05:30,APPROVED,CORRIDOR_PENDING,CONTROL_ROOM,Green corridor approved.
2026-09-21T13:11:34+05:30,CORRIDOR_ACTIVE,ACTIVE_CORRIDOR,JUNCTION,Green corridor active.
2026-09-21T13:11:43+05:30,RESET_REQUEST,RESETTING,CONTROL_ROOM,Reset requested.
2026-09-21T13:11:44+05:30,RESET_CONFIRMED_BY_LIGHT,NORMAL,JUNCTION,Normal traffic-light sync resumed after reset.
2026-09-21T13:11:44+05:30,CORRIDOR_CLEARED,NORMAL,JUNCTION,Junction confirmed corridor cleared.
2026-09-21T13:11:49+05:30,CORRIDOR_CLEARED,NORMAL,JUNCTION,Junction confirmed corridor cleared.
2026-09-21T13:19:00+05:30,EMERGENCY_REQUEST,EMERGENCY_PENDING,VEH-001,Emergency request received for junction JNC-001.
2026-09-21T13:19:03+05:30,APPROVED,CORRIDOR_PENDING,CONTROL_ROOM,Green corridor approved.
2026-09-21T13:19:09+05:30,CORRIDOR_ACTIVE,ACTIVE_CORRIDOR,JUNCTION,Green corridor active.
2026-09-21T13:19:18+05:30,RESET_REQUEST,RESETTING,CONTROL_ROOM,Reset requested.
2026-09-21T13:19:19+05:30,RESET_CONFIRMED_BY_LIGHT,NORMAL,JUNCTION,Normal traffic-light sync resumed after reset.
2026-09-21T13:19:19+05:30,CORRIDOR_CLEARED,NORMAL,JUNCTION,Junction confirmed corridor cleared.
2026-09-21T13:19:24+05:30,CORRIDOR_CLEARED,NORMAL,JUNCTION,Junction confirmed corridor cleared.
2026-09-21T13:37:50+05:30,EMERGENCY_REQUEST,EMERGENCY_PENDING,VEH-001,Emergency request received for junction JNC-001.
2026-09-21T13:38:02+05:30,APPROVED,CORRIDOR_PENDING,CONTROL_ROOM,Green corridor approved.
2026-09-21T13:38:14+05:30,RESET_REQUEST,RESETTING,CONTROL_ROOM,Operator rejected/resolved an activating or active corridor.
2026-09-21T13:38:14+05:30,RESET_CONFIRMED_BY_LIGHT,NORMAL,JUNCTION,Normal traffic-light sync resumed after reset.
2026-09-21T13:38:14+05:30,CORRIDOR_CLEARED,NORMAL,JUNCTION,Junction confirmed corridor cleared.
2026-09-21T13:38:24+05:30,CORRIDOR_CLEARED,NORMAL,JUNCTION,Junction confirmed corridor cleared.
2026-09-21T13:38:34+05:30,EMERGENCY_REQUEST,EMERGENCY_PENDING,VEH-001,Emergency request received for junction JNC-001.
2026-09-21T13:38:41+05:30,APPROVED,CORRIDOR_PENDING,CONTROL_ROOM,Green corridor approved.
2026-09-21T13:38:47+05:30,CORRIDOR_ACTIVE,ACTIVE_CORRIDOR,JUNCTION,Green corridor active.
2026-09-21T13:38:59+05:30,RESET_REQUEST,RESETTING,CONTROL_ROOM,Reset requested.
2026-09-21T13:39:00+05:30,RESET_CONFIRMED_BY_LIGHT,NORMAL,JUNCTION,Normal traffic-light sync resumed after reset.
2026-09-21T13:39:00+05:30,CORRIDOR_CLEARED,NORMAL,JUNCTION,Junction confirmed corridor cleared.
2026-09-21T13:39:05+05:30,CORRIDOR_CLEARED,NORMAL,JUNCTION,Junction confirmed corridor cleared.
2026-09-21T13:40:18+05:30,EMERGENCY_REQUEST,EMERGENCY_PENDING,VEH-001,Emergency request received for junction JNC-001.
2026-09-21T13:40:19+05:30,APPROVED,CORRIDOR_PENDING,CONTROL_ROOM,Green corridor approved.
2026-09-21T13:40:25+05:30,CORRIDOR_ACTIVE,ACTIVE_CORRIDOR,JUNCTION,Green corridor active.
2026-09-21T13:40:33+05:30,RESET_REQUEST,RESETTING,CONTROL_ROOM,Reset requested.
2026-09-21T13:40:38+05:30,CORRIDOR_CLEARED,NORMAL,JUNCTION,Junction confirmed corridor cleared.
2026-09-21T13:51:36+05:30,EMERGENCY_REQUEST,EMERGENCY_PENDING,VEH-001,Emergency request received for junction JNC-001.
2026-09-21T13:51:39+05:30,APPROVED,CORRIDOR_PENDING,CONTROL_ROOM,Green corridor approved.
2026-09-21T13:51:44+05:30,CORRIDOR_ACTIVE,ACTIVE_CORRIDOR,JUNCTION,Green corridor active.
2026-09-21T13:51:55+05:30,RESET_REQUEST,RESETTING,CONTROL_ROOM,Reset requested.
2026-09-21T13:51:55+05:30,RESET_CONFIRMED_BY_LIGHT,NORMAL,JUNCTION,Normal traffic-light sync resumed after reset.
2026-09-21T13:51:55+05:30,CORRIDOR_CLEARED,NORMAL,JUNCTION,Junction confirmed corridor cleared.
2026-09-21T13:52:00+05:30,CORRIDOR_CLEARED,NORMAL,JUNCTION,Junction confirmed corridor cleared.
2026-09-21T13:57:32+05:30,EMERGENCY_REQUEST,EMERGENCY_PENDING,VEH-001,Emergency request received for junction JNC-001.
2026-09-21T13:57:34+05:30,APPROVED,CORRIDOR_PENDING,CONTROL_ROOM,Green corridor approved.
2026-09-21T13:57:40+05:30,CORRIDOR_ACTIVE,ACTIVE_CORRIDOR,JUNCTION,Green corridor active.
2026-09-21T13:57:45+05:30,RESET_REQUEST,RESETTING,CONTROL_ROOM,Reset requested.
2026-09-21T13:57:45+05:30,RESET_CONFIRMED_BY_LIGHT,NORMAL,JUNCTION,Normal traffic-light sync resumed after reset.
2026-09-21T13:57:45+05:30,CORRIDOR_CLEARED,NORMAL,JUNCTION,Junction confirmed corridor cleared.
2026-09-21T13:57:50+05:30,CORRIDOR_CLEARED,NORMAL,JUNCTION,Junction confirmed corridor cleared.
2026-09-21T13:57:54+05:30,EMERGENCY_REQUEST,EMERGENCY_PENDING,VEH-001,Emergency request received for junction JNC-001.
2026-09-21T13:57:56+05:30,APPROVED,CORRIDOR_PENDING,CONTROL_ROOM,Green corridor approved.
2026-09-21T13:58:02+05:30,CORRIDOR_ACTIVE,ACTIVE_CORRIDOR,JUNCTION,Green corridor active.
2026-09-21T13:58:11+05:30,RESET_REQUEST,RESETTING,CONTROL_ROOM,Reset requested.
2026-09-21T13:58:12+05:30,RESET_CONFIRMED_BY_LIGHT,NORMAL,JUNCTION,Normal traffic-light sync resumed after reset.
2026-09-21T13:58:12+05:30,CORRIDOR_CLEARED,NORMAL,JUNCTION,Junction confirmed corridor cleared.
2026-09-21T13:58:16+05:30,CORRIDOR_CLEARED,NORMAL,JUNCTION,Junction confirmed corridor cleared.
2026-09-21T14:03:29+05:30,EMERGENCY_REQUEST,EMERGENCY_PENDING,VEH-001,Emergency request received for junction JNC-001.
2026-09-21T14:03:33+05:30,APPROVED,CORRIDOR_PENDING,CONTROL_ROOM,Green corridor approved.
2026-09-21T14:03:38+05:30,CORRIDOR_ACTIVE,ACTIVE_CORRIDOR,JUNCTION,Green corridor active.
2026-09-21T14:03:45+05:30,RESET_REQUEST,RESETTING,CONTROL_ROOM,Reset requested.
2026-09-21T14:03:46+05:30,RESET_CONFIRMED_BY_LIGHT,NORMAL,JUNCTION,Normal traffic-light sync resumed after reset.
2026-09-21T14:03:46+05:30,CORRIDOR_CLEARED,NORMAL,JUNCTION,Junction confirmed corridor cleared.
2026-09-21T14:03:51+05:30,CORRIDOR_CLEARED,NORMAL,JUNCTION,Junction confirmed corridor cleared.
2026-09-21T14:11:16+05:30,EMERGENCY_REQUEST,EMERGENCY_PENDING,VEH-001,Emergency request received for junction JNC-001.
2026-09-21T14:11:20+05:30,APPROVED,CORRIDOR_PENDING,CONTROL_ROOM,Green corridor approved.
2026-09-21T14:11:25+05:30,CORRIDOR_ACTIVE,ACTIVE_CORRIDOR,JUNCTION,Green corridor active.
2026-09-21T14:11:30+05:30,RESET_REQUEST,RESETTING,CONTROL_ROOM,Reset requested.
2026-09-21T14:11:31+05:30,RESET_CONFIRMED_BY_LIGHT,NORMAL,JUNCTION,Normal traffic-light sync resumed after reset.
2026-09-21T14:11:31+05:30,CORRIDOR_CLEARED,NORMAL,JUNCTION,Junction confirmed corridor cleared.
2026-09-21T14:11:36+05:30,CORRIDOR_CLEARED,NORMAL,JUNCTION,Junction confirmed corridor cleared.
2026-09-21T14:11:36+05:30,EMERGENCY_REQUEST,EMERGENCY_PENDING,VEH-001,Emergency request received for junction JNC-001.
2026-09-21T14:11:40+05:30,APPROVED,CORRIDOR_PENDING,CONTROL_ROOM,Green corridor approved.
2026-09-21T14:11:45+05:30,CORRIDOR_ACTIVE,ACTIVE_CORRIDOR,JUNCTION,Green corridor active.
2026-09-21T14:12:06+05:30,RESET_REQUEST,RESETTING,CONTROL_ROOM,Reset requested.
2026-09-21T14:12:06+05:30,RESET_CONFIRMED_BY_LIGHT,NORMAL,JUNCTION,Normal traffic-light sync resumed after reset.
2026-09-21T14:12:07+05:30,CORRIDOR_CLEARED,NORMAL,JUNCTION,Junction confirmed corridor cleared.
2026-09-21T14:12:11+05:30,CORRIDOR_CLEARED,NORMAL,JUNCTION,Junction confirmed corridor cleared.
2026-09-21T14:18:54+05:30,EMERGENCY_REQUEST,EMERGENCY_PENDING,VEH-001,Emergency request received for junction JNC-001.
2026-09-21T14:18:57+05:30,APPROVED,CORRIDOR_PENDING,CONTROL_ROOM,Green corridor approved.
2026-09-21T14:19:03+05:30,CORRIDOR_ACTIVE,ACTIVE_CORRIDOR,JUNCTION,Green corridor active.
2026-09-21T14:19:15+05:30,RESET_REQUEST,RESETTING,CONTROL_ROOM,Reset requested.
2026-09-21T14:19:16+05:30,RESET_CONFIRMED_BY_LIGHT,NORMAL,JUNCTION,Normal traffic-light sync resumed after reset.
2026-09-21T14:19:16+05:30,CORRIDOR_CLEARED,NORMAL,JUNCTION,Junction confirmed corridor cleared.
2026-09-21T14:19:21+05:30,CORRIDOR_CLEARED,NORMAL,JUNCTION,Junction confirmed corridor cleared.
2026-09-21T14:23:17+05:30,EMERGENCY_REQUEST,EMERGENCY_PENDING,VEH-001,Emergency request received for junction JNC-001.
2026-09-21T14:23:21+05:30,APPROVED,CORRIDOR_PENDING,CONTROL_ROOM,Green corridor approved.
2026-09-21T14:23:27+05:30,CORRIDOR_ACTIVE,ACTIVE_CORRIDOR,JUNCTION,Green corridor active.
2026-09-21T14:23:52+05:30,RESET_REQUEST,RESETTING,CONTROL_ROOM,Reset requested.
2026-09-21T14:23:52+05:30,RESET_CONFIRMED_BY_LIGHT,NORMAL,JUNCTION,Normal traffic-light sync resumed after reset.
2026-09-21T14:23:52+05:30,CORRIDOR_CLEARED,NORMAL,JUNCTION,Junction confirmed corridor cleared.
2026-09-21T14:23:57+05:30,CORRIDOR_CLEARED,NORMAL,JUNCTION,Junction confirmed corridor cleared.
2026-09-21T14:24:36+05:30,EMERGENCY_REQUEST,EMERGENCY_PENDING,VEH-001,Emergency request received for junction JNC-001.
2026-09-21T14:24:40+05:30,APPROVED,CORRIDOR_PENDING,CONTROL_ROOM,Green corridor approved.
2026-09-21T14:24:45+05:30,CORRIDOR_ACTIVE,ACTIVE_CORRIDOR,JUNCTION,Green corridor active.
2026-09-21T14:24:50+05:30,RESET_REQUEST,RESETTING,CONTROL_ROOM,Reset requested.
2026-09-21T14:24:50+05:30,RESET_CONFIRMED_BY_LIGHT,NORMAL,JUNCTION,Normal traffic-light sync resumed after reset.
2026-09-21T14:24:50+05:30,CORRIDOR_CLEARED,NORMAL,JUNCTION,Junction confirmed corridor cleared.
2026-09-21T14:24:55+05:30,CORRIDOR_CLEARED,NORMAL,JUNCTION,Junction confirmed corridor cleared.
2026-09-21T14:48:29+05:30,EMERGENCY_REQUEST,EMERGENCY_PENDING,VEH-001,Emergency request received for junction JNC-001.
2026-09-21T14:51:48+05:30,APPROVED,CORRIDOR_PENDING,CONTROL_ROOM,Green corridor approved.
2026-09-21T14:51:53+05:30,CORRIDOR_ACTIVE,ACTIVE_CORRIDOR,JUNCTION,Green corridor active.
2026-09-21T14:52:01+05:30,RESET_REQUEST,RESETTING,CONTROL_ROOM,Reset requested.
2026-09-21T14:52:02+05:30,RESET_CONFIRMED_BY_LIGHT,NORMAL,JUNCTION,Normal traffic-light sync resumed after reset.
2026-09-21T14:52:02+05:30,CORRIDOR_CLEARED,NORMAL,JUNCTION,Junction confirmed corridor cleared.
2026-09-21T14:52:07+05:30,CORRIDOR_CLEARED,NORMAL,JUNCTION,Junction confirmed corridor cleared.
